Job Title,Company,Location,Salary,Description,Posted Date
Junior Data Analyst (Remote),"Obrien, Jackson and Jones",Lewisshire,$84k/year,"As a Mid-Level Data Analyst in the Tech industry, your key responsibilities include managing project timelines, coordinating teams, and ensuring product delivery within budget. You will also facilitate communication between stakeholders, ensure adherence to company standards, and drive project success with minimal supervision.
The Digital Ocean Program provides more than 40 percent of our funding for digital intelligence services including SEO — which helps us deliver solutions that are both useful and accessible on all scales across industries worldwide.",2025-01-02
Lead Developer - Tech Sector,"Foster, Stafford and Anderson",Port David,$84k/year,"As a Mid-Level Developer in the Tech industry, your key responsibilities include managing project timelines, coordinating teams, and ensuring product delivery within budget. You will also facilitate communication between stakeholders, ensure adherence to company standards, and drive project success with minimal supervision.
The same information may be shared among developers at any time on LinkedIn or our Facebook Page without prior notice:

If you've ever wanted to work for an organization like Intel (Intel), then there's no reason not to want to spend money investing yourself directly into that particular group of people who could",2025-03-18
Senior Project Manager - Tech,Martin Inc,Haleytown,$79k/year,"As a Mid-Level Project Manager in the Tech industry, your key responsibilities include managing project timelines, coordinating teams, and ensuring product delivery within budget. You will also facilitate communication between stakeholders, ensure adherence to company standards, and drive project success with minimal supervision.
The following three roles can be attained through an internship or fellowship arrangement: (1) Head of Product Development at Team Lead - Developer Support – Production Planning & Release Operations / Marketing Consultants/Leadership Staff : Senior Programmer Technical Advisor on development management issues; Associate Programming Director for COOs",2025-02-27
Lead UX Designer - Tech Sector,Frazier Inc,Port Debra,$140k/year,"As a Mid-Level UX Designer in the Tech industry, your key responsibilities include managing project timelines, coordinating teams, and ensuring product delivery within budget. You will also facilitate communication between stakeholders, ensure adherence to company standards, and drive project success with minimal supervision.
The following list of benefits:",2025-03-20
Lead Data Analyst - Tech Sector,Olson PLC,Reyesview,$83k/year,"As a Mid-Level Data Analyst in the Tech industry, your key responsibilities include managing project timelines, coordinating teams, and ensuring product delivery within budget. You will also facilitate communication between stakeholders, ensure adherence to company standards, and drive project success with minimal supervision.
† With this guidance you can access all of our internal information such as client data management tools (MCDs), customer service support services, production/development team testing capabilities, performance monitoring software, deployment automation & system security updates or other components that are frequently needed for an office environment which is",2025-03-14
